subject_id,RL_order,face_gender
1,plusmin_plusneu,female
2,plusmin_plusneu,female
3,plusmin_plusneu,female
4,plusmin_plusneu,female
5,plusmin_plusneu,female
6,plusmin_plusneu,female
7,plusmin_plusneu,female
8,plusmin_plusneu,female
9,plusmin_plusneu,female
10,plusmin_plusneu,female
11,plusmin_plusneu,female
12,plusmin_plusneu,female
13,plusmin_plusneu,female
14,plusmin_plusneu,female
15,plusmin_plusneu,female
16,plusneu_plusmin,female
17,plusneu_plusmin,female
18,plusneu_plusmin,female
19,plusneu_plusmin,female
20,plusneu_plusmin,female
21,plusneu_plusmin,female
22,plusneu_plusmin,female
23,plusneu_plusmin,female
24,plusneu_plusmin,female
25,plusneu_plusmin,female
26,plusneu_plusmin,female
27,plusneu_plusmin,female
28,plusneu_plusmin,female
29,plusneu_plusmin,female
30,plusneu_plusmin,female
99,plusneu_plusmin,female
